"run","baseline_total_loss","cull_total_loss","direct_cull_loss","net_loss_avoided","baseline_farms_affected","cull_farms_affected","baseline_farms_lost","cull_farms_lost","farms_culled"
1,139545.676689967,2735.29030897105,2735.29030897105,136810.386380996,139,3,139,3,3
2,149846.797457096,2783.39574026981,2783.39574026981,147063.401716826,150,3,150,3,3
3,139545.676689967,3523.82443404878,3523.82443404878,136021.852255918,139,3,139,3,3
4,146862.743145672,7822.61609249942,5641.25871499471,139040.127053172,147,8,147,8,6
5,123974.954778717,105813.648378277,84501.2999403075,18161.3064004404,124,105,124,105,84
6,113673.834011589,107024.311518118,83139.5840935701,6649.52249347033,113,106,113,106,82
7,113673.834011589,2547.79251106419,2547.79251106419,111126.041500525,113,3,113,3,3
8,113673.834011589,3211.19567407121,3211.19567407121,110462.638337518,113,3,113,3,3
9,113673.834011589,21605.2555846559,18681.5350303258,92068.5784269329,113,21,113,21,18
10,113673.834011589,3063.53245091119,3063.53245091119,110610.301560678,113,3,113,3,3
11,139545.676689967,3215.96933359051,3215.96933359051,136329.707356377,139,3,139,3,3
12,123974.954778717,9079.47593806423,6898.11856055952,114895.478840653,124,9,124,9,7
13,113673.834011589,3267.82203107114,3267.82203107114,110406.011980518,113,3,113,3,3
14,113673.834011589,92552.2142094816,76805.512355347,21121.6198021072,113,91,113,91,76
15,139545.676689967,3108.26326947566,3108.26326947566,136437.413420492,139,3,139,3,3
16,113673.834011589,2878.49102873737,2878.49102873737,110795.342982851,113,3,113,3,3
17,113673.834011589,8760.21874861158,6952.42780902599,104913.615262977,113,9,113,9,7
18,113673.834011589,110743.272203174,89213.4433029487,2930.56180841511,113,110,113,110,89
19,139545.676689967,2933.74645925031,2933.74645925031,136611.930230717,139,3,139,3,3
20,113673.834011589,94013.3983559835,69002.2624766083,19660.4356556054,113,93,113,93,68
21,113673.834011589,2919.6899029698,2919.6899029698,110754.144108619,113,3,113,3,3
22,113673.834011589,110832.053207864,82635.3667110897,2841.78080372496,113,110,113,110,82
23,149846.797457096,82643.3518031086,70283.8330069814,67203.4456539871,150,82,150,82,70
24,113673.834011589,3289.0755145625,3289.0755145625,110384.758497026,113,3,113,3,3
25,146862.743145672,7989.90096143871,5861.88684764757,138872.842184233,147,8,147,8,6
26,149846.797457096,115243.492850169,86538.8209397149,34603.3046069269,150,115,150,115,87
27,123974.954778717,108757.652913734,84471.7328552804,15217.3018649833,124,108,124,108,84
28,139545.676689967,2798.60460987904,2798.60460987904,136747.072080088,139,3,139,3,3
29,113673.834011589,22953.4629741412,20140.0754203994,90720.3710374477,113,23,113,23,20
30,136561.622378543,2786.67445241635,2786.67445241635,133774.947926127,136,3,136,3,3
31,123974.954778717,117984.203452516,86798.4741962343,5990.75132620164,124,118,124,118,86
32,113673.834011589,6995.78094129637,5862.88122115661,106678.053070292,113,7,113,7,6
33,113673.834011589,3368.97696455144,3368.97696455144,110304.857047037,113,3,113,3,3
34,139545.676689967,26996.5333328335,21923.2274939319,112549.143357134,139,27,139,27,22
35,143863.91255594,2644.12629005004,2644.12629005004,141219.78626589,144,3,144,3,3
36,123974.954778717,2941.640442061,2941.640442061,121033.314336656,124,3,124,3,3
37,123974.954778717,119580.073512211,84228.7534694151,4394.88126650614,124,119,124,119,85
38,146862.743145672,2921.81574144014,2921.81574144014,143940.927404232,147,3,147,3,3
39,113673.834011589,3040.68390123296,3040.68390123296,110633.150110356,113,3,113,3,3
40,123974.954778717,3387.85914607187,3387.85914607187,120587.095632645,124,3,124,3,3
41,146862.743145672,94080.1282970743,74770.1771597229,52782.6148485974,147,93,147,93,74
42,113673.834011589,90999.3924661808,68137.8447328882,22674.441545408,113,90,113,90,67
43,123974.954778717,3342.30928447016,3342.30928447016,120632.645494247,124,3,124,3,3
44,139545.676689967,3003.54543220404,3003.54543220404,136542.131257763,139,3,139,3,3
45,113673.834011589,102772.289598638,79348.9989458227,10901.5444129508,113,102,113,102,79
46,113673.834011589,3115.39993864783,3115.39993864783,110558.434072941,113,3,113,3,3
47,113673.834011589,3218.24756230374,3218.24756230374,110455.586449285,113,3,113,3,3
48,113673.834011589,2902.75295562097,2902.75295562097,110771.081055968,113,3,113,3,3
49,136561.622378543,25104.0602642838,14805.9936009142,111457.562114259,136,25,136,25,15
50,113673.834011589,95413.9968160231,73196.2065652571,18259.8371955657,113,94,113,94,72
51,149846.797457096,96190.829403355,76252.6769442991,53655.9680537407,150,95,150,95,76
52,113673.834011589,20816.1016416499,17617.7781242811,92857.7323699389,113,21,113,21,18
53,113673.834011589,2866.80284515353,2866.80284515353,110807.031166435,113,3,113,3,3
54,136561.622378543,3189.8848309114,3189.8848309114,133371.737547632,136,3,136,3,3
55,146862.743145672,2742.40185420699,2742.40185420699,144120.341291465,147,3,147,3,3
56,139545.676689967,2643.56701220688,2643.56701220688,136902.10967776,139,3,139,3,3
57,149846.797457096,2476.06639654963,2476.06639654963,147370.731060546,150,3,150,3,3
58,146862.743145672,2805.15520541553,2805.15520541553,144057.587940256,147,3,147,3,3
59,113673.834011589,3135.7485303639,3135.7485303639,110538.085481225,113,3,113,3,3
60,113673.834011589,2889.61300409904,2889.61300409904,110784.22100749,113,3,113,3,3
61,113673.834011589,36797.0159528422,31487.605509001,76876.8180587467,113,37,113,37,31
62,136561.622378543,3126.85721756912,3126.85721756912,133434.765160974,136,3,136,3,3
63,113673.834011589,2877.63027890161,2877.63027890161,110796.203732687,113,3,113,3,3
64,119656.718912744,3289.63768174099,3289.63768174099,116367.081231003,119,3,119,3,3
65,123974.954778717,87159.8973003166,69488.3853122153,36815.0574784007,124,86,124,86,69
66,113673.834011589,102679.836874695,80572.7271661928,10993.997136894,113,102,113,102,81
67,113673.834011589,86082.138599726,72489.8522665471,27591.6954118629,113,85,113,85,71
68,113673.834011589,23494.9053154233,19692.6606574024,90178.9286961656,113,24,113,24,20
69,113673.834011589,96019.08424648,72277.0760776771,17654.7497651088,113,95,113,95,71
70,113673.834011589,95894.7542219729,75077.2339381086,17779.079789616,113,95,113,95,74
71,116657.888323013,109984.09924161,87239.1263264467,6673.789081403,116,109,116,109,86
72,148798.179479074,2908.23304948142,2908.23304948142,145889.946429593,149,3,149,3,3
73,113673.834011589,102890.256988058,83962.1289011625,10783.5770235313,113,102,113,102,83
74,113673.834011589,3030.95896193842,3030.95896193842,110642.87504965,113,3,113,3,3
75,113673.834011589,2748.30293691183,2748.30293691183,110925.531074677,113,3,113,3,3
76,113673.834011589,2899.14958145069,2899.14958145069,110774.684430138,113,3,113,3,3
77,113673.834011589,95945.404274732,79860.1055481537,17728.4297368569,113,95,113,95,79
78,113673.834011589,104027.92027669,83124.4400115531,9645.9137348989,113,103,113,103,83
79,149846.797457096,3177.13854150717,3177.13854150717,146669.658915589,150,3,150,3,3
80,149846.797457096,25016.0459102047,17131.028918203,124830.751546891,150,25,150,25,17
81,149846.797457096,3440.08967932116,3440.08967932116,146406.707777775,150,3,150,3,3
82,113673.834011589,111635.325623677,78420.9580397336,2038.5083879117,113,111,113,111,78
83,136561.622378543,2904.58580354836,2904.58580354836,133657.036574995,136,3,136,3,3
84,139545.676689967,90119.8538337458,76396.7197472926,49425.8228562214,139,89,139,89,75
85,136561.622378543,23888.2818071307,19578.1959065991,112673.340571413,136,24,136,24,20
86,119656.718912744,8290.98250068485,6492.88594562076,111365.73641206,119,8,119,8,6
87,139545.676689967,2955.75946635711,2955.75946635711,136589.91722361,139,3,139,3,3
88,113673.834011589,93092.5968543193,70407.7671892877,20581.2371572695,113,92,113,92,69
89,36172.9634455068,24748.9047032427,17598.5967918024,11424.0587422642,37,25,37,25,18
90,136561.622378543,135584.966980392,99971.8505855953,976.655398151284,136,136,136,135,99
91,149846.797457096,88938.8925897612,67488.5628386719,60907.9048673345,150,88,150,88,66
92,119656.718912744,7702.11685118304,5659.77605988032,111954.602061561,119,8,119,8,6
93,113673.834011589,102166.046379443,77690.3770765312,11507.7876321455,113,101,113,101,77
94,113673.834011589,87518.9831190828,70430.9249613123,26154.850892506,113,86,113,86,69
95,113673.834011589,2984.97960226244,2984.97960226244,110688.854409326,113,3,113,3,3
96,113673.834011589,3062.50329538709,3062.50329538709,110611.330716202,113,3,113,3,3
97,119656.718912744,2930.1765886493,2930.1765886493,116726.542324095,119,3,119,3,3
98,113673.834011589,100354.64827696,85390.9195904239,13319.1857346293,113,99,113,99,84
99,136561.622378543,2980.16921480254,2980.16921480254,133581.453163741,136,3,136,3,3
100,113673.834011589,91033.0256094055,70889.843582519,22640.8084021833,113,90,113,90,70
101,123974.954778717,95529.2014495384,74969.7389340369,28445.7533291789,124,95,124,95,75
102,113673.834011589,3093.49939759199,3093.49939759199,110580.334613997,113,3,113,3,3
103,113673.834011589,83265.441275872,68963.767459692,30408.3927357169,113,82,113,82,68
104,113673.834011589,2942.63164211982,2942.63164211982,110731.202369469,113,3,113,3,3
105,113673.834011589,3482.81580949012,3482.81580949012,110191.018202099,113,3,113,3,3
106,123974.954778717,2996.15603676454,2996.15603676454,120978.798741953,124,3,124,3,3
107,119656.718912744,8018.65221857024,6206.12222250853,111638.066694174,119,8,119,8,6
108,113673.834011589,3115.03529698332,3115.03529698332,110558.798714606,113,3,113,3,3
109,113673.834011589,2738.95989442503,2738.95989442503,110934.874117164,113,3,113,3,3
110,113673.834011589,3254.7133151318,3254.7133151318,110419.120696457,113,3,113,3,3
111,113673.834011589,96319.2109592347,77419.8126577437,17354.6230523541,113,95,113,95,76
112,139545.676689967,3121.66418075656,3121.66418075656,136424.012509211,139,3,139,3,3
113,123974.954778717,2910.31414092498,2910.31414092498,121064.640637792,124,3,124,3,3
114,113673.834011589,3397.07832676667,3397.07832676667,110276.755684822,113,3,113,3,3
115,113673.834011589,35348.6862266068,29252.9708744948,78325.1477849821,113,36,113,36,30
116,139545.676689967,3258.17595532958,3258.17595532958,136287.500734638,139,3,139,3,3
117,113673.834011589,3128.43030977474,3128.43030977474,110545.403701814,113,3,113,3,3
118,113673.834011589,2932.64582033513,2932.64582033513,110741.188191254,113,3,113,3,3
119,113673.834011589,2811.09252804266,2811.09252804266,110862.741483546,113,3,113,3,3
120,113673.834011589,84267.4277402588,66402.9137150646,29406.40627133,113,83,113,83,65
121,113673.834011589,2777.42376627029,2777.42376627029,110896.410245319,113,3,113,3,3
122,139545.676689967,2739.72413586185,2739.72413586185,136805.952554105,139,3,139,3,3
123,113673.834011589,107927.459645352,82343.8822243178,5746.37436623649,113,107,113,107,82
124,139545.676689967,2952.8383663478,2952.8383663478,136592.838323619,139,3,139,3,3
125,139545.676689967,2938.14037203771,2938.14037203771,136607.536317929,139,3,139,3,3
126,113673.834011589,2657.82113734884,2657.82113734884,111016.01287424,113,3,113,3,3
127,136561.622378543,2679.69489294601,2679.69489294601,133881.927485597,136,3,136,3,3
128,113673.834011589,22426.7426148895,18753.0725675589,91247.0913966993,113,23,113,23,19
129,113673.834011589,2816.50038751807,2816.50038751807,110857.333624071,113,3,113,3,3
130,113673.834011589,2738.30442938511,2738.30442938511,110935.529582204,113,3,113,3,3
131,25871.8426783784,23980.6731039761,16384.1971577093,1891.16957440228,26,24,26,24,17
132,139545.676689967,11992.1519507152,10142.5436556145,127553.524739252,139,12,139,12,10
133,113673.834011589,97787.2669773048,78671.0916497416,15886.567034284,113,97,113,97,79
134,149846.797457096,6070.83826664265,4135.40193324035,143775.959190453,150,6,150,6,4
135,139545.676689967,2892.73882903926,2892.73882903926,136652.937860928,139,3,139,3,3
136,113673.834011589,8161.68655247593,7188.40676932747,105512.147459113,113,8,113,8,7
137,139545.676689967,88301.3742928313,69216.572238273,51244.3023971359,139,87,139,87,68
138,113673.834011589,3055.78255635519,3055.78255635519,110618.051455234,113,3,113,3,3
139,113673.834011589,87245.258699751,74483.1077796055,26428.5753118378,113,86,113,86,74
140,123974.954778717,2789.30031196155,2789.30031196155,121185.654466756,124,3,124,3,3
141,143863.91255594,109695.161735242,85696.6764972055,34168.7508206983,144,109,144,109,86
142,139545.676689967,13512.9312894994,11480.2552089964,126032.745400468,139,14,139,14,12
143,113673.834011589,103789.557434785,83484.7017277938,9884.2765768035,113,103,113,103,83
144,136561.622378543,99178.5572336778,77894.4520709603,37383.0651448655,136,98,136,98,78
145,113673.834011589,2878.86819586058,2878.86819586058,110794.965815728,113,3,113,3,3
146,113673.834011589,3020.18275142137,3020.18275142137,110653.651260167,113,3,113,3,3
147,113673.834011589,109712.144489809,90431.2688297381,3961.68952178027,113,109,113,109,90
148,33188.9091340829,23910.7847385066,20183.8150898949,9278.12439557637,34,24,34,24,20
149,113673.834011589,108935.481263588,79510.4924035073,4738.35274800069,113,108,113,108,79
150,113673.834011589,2848.43082123367,2848.43082123367,110825.403190355,113,3,113,3,3
151,113673.834011589,14227.6728505248,13364.7654145906,99446.161161064,113,15,113,15,14
152,139545.676689967,91226.7529822581,77477.449577215,48318.9237077091,139,90,139,90,76
153,138570.154560222,2910.4612885418,2910.4612885418,135659.693271681,138,3,138,3,3
154,113673.834011589,2987.53766217168,2987.53766217168,110686.296349417,113,3,113,3,3
155,113673.834011589,3237.31170364799,3237.31170364799,110436.522307941,113,3,113,3,3
156,116657.888323013,2927.84619687281,2927.84619687281,113730.04212614,116,3,116,3,3
157,113673.834011589,92295.3564532412,77937.5862601328,21378.4775583477,113,92,113,92,78
158,113673.834011589,3062.76144940189,3062.76144940189,110611.072562187,113,3,113,3,3
159,136561.622378543,24877.6989783991,19695.2673747684,111683.923400144,136,25,136,25,20
160,113673.834011589,93413.1251449158,67870.0895120481,20260.708866673,113,92,113,92,67
161,113673.834011589,3149.64644954052,3149.64644954052,110524.187562048,113,3,113,3,3
162,13285.1750785524,2720.21130833498,2720.21130833498,10564.9637702174,14,3,14,3,3
163,113673.834011589,103858.213163647,84229.7170321117,9815.62084794199,113,103,113,103,83
164,113673.834011589,2938.16119014665,2938.16119014665,110735.672821442,113,3,113,3,3
165,119656.718912744,2908.3808837835,2908.3808837835,116748.338028961,119,3,119,3,3
166,139545.676689967,3197.58103678716,3197.58103678716,136348.09565318,139,3,139,3,3
167,113673.834011589,2911.45395511697,2911.45395511697,110762.380056472,113,3,113,3,3
168,149846.797457096,2902.03040010757,2902.03040010757,146944.767056988,150,3,150,3,3
169,149846.797457096,2816.45295110296,2816.45295110296,147030.344505993,150,3,150,3,3
170,113673.834011589,96135.4002406734,81829.3662582211,17538.4337709154,113,95,113,95,81
171,139545.676689967,3285.18470222503,3285.18470222503,136260.491987742,139,3,139,3,3
172,113673.834011589,106283.615588871,84483.1917960783,7390.21842271769,113,105,113,105,84
173,33188.9091340829,2654.6568247945,2654.6568247945,30534.2523092884,34,3,34,3,3
174,113673.834011589,3171.53499923517,3171.53499923517,110502.299012354,113,3,113,3,3
175,136561.622378543,2937.65478695023,2937.65478695023,133623.967591593,136,3,136,3,3
176,146862.743145672,9938.03317515178,6408.66377224656,136924.70997052,147,11,147,11,7
177,146862.743145672,2734.89871932016,2734.89871932016,144127.844426352,147,3,147,3,3
178,113673.834011589,2818.24240214269,2818.24240214269,110855.591609446,113,3,113,3,3
179,113673.834011589,3263.17967988537,3263.17967988537,110410.654331703,113,3,113,3,3
180,113673.834011589,92146.3003953836,73295.1853228063,21527.5336162052,113,91,113,91,72
181,123974.954778717,9543.63939294639,6640.52509564325,114431.315385771,124,10,124,10,7
182,113673.834011589,101107.377487718,78225.3658854702,12566.4565238704,113,100,113,100,78
183,113673.834011589,98175.0375428937,84236.3021147135,15498.7964686952,113,97,113,97,83
184,149846.797457096,24345.7465436303,23461.2996769528,125501.050913465,150,24,150,24,23
185,123974.954778717,8981.13540960008,6690.89843025728,114993.819369117,124,9,124,9,7
186,138497.058711946,80383.313755452,63711.8932437503,58113.7449564936,138,79,138,79,63
187,142983.809247392,108685.286934665,81396.0684943193,34298.5223127275,146,108,143,108,82
188,113673.834011589,89841.3219261773,69448.3649353273,23832.5120854116,113,89,113,89,70
189,136561.622378543,24873.12590734,17047.3044208258,111688.496471203,136,25,136,25,17
190,136561.622378543,3017.84831119649,3017.84831119649,133543.774067347,136,3,136,3,3
191,119656.718912744,8181.63022428008,7283.21699793237,111475.088688464,119,8,119,8,7
192,136561.622378543,2844.18246464043,2844.18246464043,133717.439913903,136,3,136,3,3
193,146862.743145672,24905.6149806939,19072.1222353591,121957.128164978,147,25,147,25,19
194,139545.676689967,3128.3714127217,3128.3714127217,136417.305277245,139,3,139,3,3
195,139545.676689967,3108.55685154156,3108.55685154156,136437.119838426,139,3,139,3,3
196,126959.009090141,4710.43652485104,2819.26695044876,122248.57256529,127,5,127,5,3
197,139545.676689967,2946.13781479436,2946.13781479436,136599.538875173,139,3,139,3,3
198,139545.676689967,24617.7875994686,20683.0754765194,114927.889090499,139,25,139,25,21
199,113673.834011589,90206.7997725021,74745.063368576,23467.0342390867,113,89,113,89,74
200,139545.676689967,2901.57872760825,2901.57872760825,136644.097962359,139,3,139,3,3
201,139545.676689967,3321.13095222639,3321.13095222639,136224.545737741,139,3,139,3,3
202,149846.797457096,26228.3181092721,17360.920901723,123618.479347824,150,26,150,26,17
203,113673.834011589,105861.938675537,83320.552891215,7811.89533605136,113,107,113,105,83
204,113673.834011589,82802.4533748312,68848.9549017309,30871.3806367576,113,82,113,82,68
205,113673.834011589,3112.61713389421,3112.61713389421,110561.216877695,113,3,113,3,3
206,25871.8426783784,3143.37795629364,3143.37795629364,22728.4647220847,26,3,26,3,3
207,149846.797457096,3373.85459676773,3373.85459676773,146472.942860328,150,3,150,3,3
208,149846.797457096,2806.63356530722,2806.63356530722,147040.163891788,150,3,150,3,3
209,123974.954778717,7246.7775175899,5400.90122180415,116728.177261127,124,8,124,8,6
210,113673.834011589,107743.114062781,74092.8342401408,5930.71994880754,113,107,113,107,74
211,136561.622378543,2962.24094398847,2962.24094398847,133599.381434555,136,3,136,3,3
212,136561.622378543,87595.4532860144,67705.3869472778,48966.1690925289,136,86,136,86,67
213,136561.622378543,16128.218750719,14009.7635251777,120433.403627824,136,16,136,16,14
214,113673.834011589,97145.190162294,71831.4084930688,16528.6438492948,113,96,113,96,71
215,113673.834011589,95368.3412057163,77025.957508199,18305.4928058725,113,94,113,94,76
216,113673.834011589,108685.006818386,78616.5859486931,4988.82719320239,113,108,113,108,78
217,119656.718912744,2924.1151633411,2924.1151633411,116732.603749403,119,3,119,3,3
218,113673.834011589,106673.300499052,77905.3220319728,7000.53351253687,113,106,113,106,77
219,136561.622378543,3021.81708416444,3021.81708416444,133539.805294379,136,3,136,3,3
220,113673.834011589,91166.9651213691,78293.5425312974,22506.8688902197,113,90,113,90,77
221,123974.954778717,3106.60860850215,3106.60860850215,120868.346170215,124,3,124,3,3
222,117992.069877562,3112.86088047017,3112.86088047017,114879.208997092,118,3,118,3,3
223,123974.954778717,6701.9920375628,5926.8918540508,117272.962741154,124,7,124,7,6
224,139545.676689967,111830.985843314,84417.0148665035,27714.6908466534,139,111,139,111,84
225,113673.834011589,3532.22099260525,3532.22099260525,110141.613018984,113,3,113,3,3
226,119656.718912744,91235.2703958013,69054.2824407979,28421.4485169431,119,90,119,90,68
227,113673.834011589,2931.50838189833,2931.50838189833,110742.325629691,113,3,113,3,3
228,113673.834011589,2900.49076685595,2900.49076685595,110773.343244733,113,3,113,3,3
229,113673.834011589,104725.646647993,76443.5490952935,8948.18736359623,113,104,113,104,76
230,149846.797457096,3094.91006256305,3094.91006256305,146751.887394533,150,3,150,3,3
231,113673.834011589,3294.67635279523,3294.67635279523,110379.157658794,113,3,113,3,3
232,123974.954778717,93642.7641192301,73029.8250216417,30332.1906594872,124,93,124,93,73
233,113673.834011589,2941.09679925855,2941.09679925855,110732.73721233,113,3,113,3,3
234,139545.676689967,88318.2093988013,76282.4489598316,51227.4672911659,139,104,139,88,76
235,146862.743145672,23940.6494760201,17081.2787298517,122922.093669652,147,24,147,24,17
236,149846.797457096,7875.67543013508,5856.54091818203,141971.122026961,150,8,150,8,6
237,113673.834011589,23354.9351879112,18605.4967123734,90318.8988236776,113,24,113,24,19
238,113673.834011589,2994.55501575602,2994.55501575602,110679.278995833,113,3,113,3,3
239,113673.834011589,94881.0055459531,69830.3580356023,18792.8284656357,113,94,113,94,69
240,136561.622378543,3117.64354322199,3117.64354322199,133443.978835321,136,3,136,3,3
241,139545.676689967,3018.55541305642,3018.55541305642,136527.121276911,139,3,139,3,3
242,136561.622378543,95035.8485952027,73972.1090337775,41525.7737833406,136,94,136,94,73
243,136561.622378543,2674.86578194255,2674.86578194255,133886.756596601,136,3,136,3,3
244,113673.834011589,2732.29458098741,2732.29458098741,110941.539430601,113,3,113,3,3
245,149846.797457096,111127.017628111,79186.4799266238,38719.7798289852,150,110,150,110,78
246,113673.834011589,92143.1655617946,72721.7197787883,21530.6684497943,113,91,113,91,72
247,146862.743145672,25291.0964169532,21599.5303951795,121571.646728719,147,25,147,25,21
248,136561.622378543,24879.6781838695,18903.5697236029,111681.944194674,136,25,136,25,19
249,136561.622378543,3142.99280819411,3142.99280819411,133418.629570349,136,3,136,3,3
250,139545.676689967,127003.720105384,104055.836881072,12541.9565845831,139,126,139,126,103
251,136561.622378543,2949.81740245529,2949.81740245529,133611.804976088,136,3,136,3,3
252,36172.9634455068,2877.5052272579,2877.5052272579,33295.4582182489,37,3,37,3,3
253,113673.834011589,2944.52487982154,2944.52487982154,110729.309131767,113,3,113,3,3
254,136561.622378543,101314.545622879,83127.6196356953,35247.0767556641,136,100,136,100,82
255,149846.797457096,7277.36634826386,6330.36678168967,142569.431108832,150,8,150,8,7
256,113673.834011589,2931.71457470749,2931.71457470749,110742.119436881,113,3,113,3,3
257,113673.834011589,3155.1517289682,3155.1517289682,110518.682282621,113,3,113,3,3
258,139545.676689967,24891.6529792459,17764.1067964002,114654.023710721,139,25,139,25,18
259,149846.797457096,7449.36316991741,4977.00359973025,142397.434287178,150,8,150,8,5
260,139545.676689967,27294.0795976334,22139.4010398072,112251.597092334,139,27,139,27,22
261,117992.069877562,2800.06552516376,2800.06552516376,115192.004352398,118,3,118,3,3
262,113673.834011589,95189.7458278733,75094.8850810441,18484.0881837155,113,94,113,94,74
263,113673.834011589,87193.4580396124,68038.280503494,26480.3759719765,113,86,113,86,68
264,123974.954778717,113350.774659802,86361.8592737585,10624.1801189151,124,113,124,113,87
265,146862.743145672,8745.09439345873,5540.74064440194,138117.648752213,147,9,147,9,6
266,113673.834011589,2905.16199604413,2905.16199604413,110768.672015545,113,3,113,3,3
267,113673.834011589,3527.59329815832,3527.59329815832,110146.240713431,113,3,113,3,3
268,113673.834011589,2894.96955174129,2894.96955174129,110778.864459848,113,3,113,3,3
269,149846.797457096,3233.99216394513,3233.99216394513,146612.805293151,150,3,150,3,3
270,123974.954778717,3012.86332383286,3012.86332383286,120962.091454884,124,3,124,3,3
271,136561.622378543,93278.62774555,72961.7305554061,43282.9946329933,136,92,136,92,72
272,113673.834011589,3345.33786327345,3345.33786327345,110328.496148315,113,3,113,3,3
273,139545.676689967,25778.0600908685,18957.017274256,113767.616599099,139,26,139,26,19
274,123974.954778717,86706.7717265794,64668.5345634749,37268.1830521379,124,86,124,86,65
275,149846.797457096,2944.25882029772,2944.25882029772,146902.538636798,150,3,150,3,3
276,113673.834011589,100996.578072112,78720.9412372468,12677.2559394773,113,100,113,100,77
277,113673.834011589,2858.29371608323,2858.29371608323,110815.540295506,113,3,113,3,3
278,139545.676689967,2947.2733594805,2947.2733594805,136598.403330487,139,3,139,3,3
279,149846.797457096,111767.925189037,83196.6604703028,38078.8722680586,150,111,150,111,82
280,113673.834011589,93976.3652604065,74306.3448959542,19697.4687511823,113,93,113,93,74
281,113673.834011589,93637.3099867909,79762.5790899936,20036.5240247979,113,92,113,92,78
282,145528.561591123,6748.37472793911,5834.25795822511,138780.186863184,145,7,145,7,6
283,136561.622378543,3027.34336381973,3027.34336381973,133534.279014724,136,3,136,3,3
284,123974.954778717,3797.32996165194,3797.32996165194,120177.624817065,124,3,124,3,3
285,33188.9091340829,2771.97460368672,2771.97460368672,30416.9345303962,34,3,34,3,3
286,113673.834011589,3312.22669900368,3312.22669900368,110361.607312585,113,3,113,3,3
287,123974.954778717,17460.7337976608,14352.9212859685,106514.220981057,124,18,124,18,15
288,113673.834011589,110659.803493932,85796.0194465968,3014.0305176565,113,110,113,110,85
289,139545.676689967,3532.7146816407,3532.7146816407,136012.962008326,139,3,139,3,3
290,139545.676689967,125876.328603465,102307.376527164,13669.3480865026,139,125,139,125,102
291,139545.676689967,2837.27795366962,2837.27795366962,136708.398736298,139,3,139,3,3
292,116657.888323013,2700.69221381118,2700.69221381118,113957.196109202,116,3,116,3,3
293,136561.622378543,3400.85233581063,3400.85233581063,133160.770042733,136,3,136,3,3
294,149846.797457096,3020.08283007359,3020.08283007359,146826.714627022,150,3,150,3,3
295,119656.718912744,2823.18213323085,2823.18213323085,116833.536779514,119,3,119,3,3
296,113673.834011589,90233.0919666975,73745.1822259017,23440.7420448914,113,89,113,89,72
297,113673.834011589,3017.83412697588,3017.83412697588,110655.999884613,113,3,113,3,3
298,116657.888323013,3359.52604721052,3359.52604721052,113298.362275802,116,3,116,3,3
299,113673.834011589,104836.380128845,84678.4731738426,8837.453882744,113,104,113,104,85
300,123974.954778717,2788.79462723103,2788.79462723103,121186.160151486,124,3,124,3,3
301,113673.834011589,3097.50107019406,3097.50107019406,110576.332941395,113,3,113,3,3
302,136561.622378543,3353.05089665086,3353.05089665086,133208.571481892,136,3,136,3,3
303,139545.676689967,2902.6154167941,2902.6154167941,136643.061273173,139,3,139,3,3
304,139545.676689967,2938.70022476001,2938.70022476001,136606.976465207,139,3,139,3,3
305,113673.834011589,91369.3351730815,73733.9101717423,22304.4988385074,113,90,113,90,73
306,113673.834011589,17967.2370610659,14840.0122056896,95706.5969505229,113,18,113,18,15
307,113673.834011589,2868.05411532635,2868.05411532635,110805.779896262,113,3,113,3,3
308,123974.954778717,2800.2836098575,2800.2836098575,121174.67116886,124,3,124,3,3
309,123974.954778717,2855.48835557278,2855.48835557278,121119.466423145,124,3,124,3,3
310,136561.622378543,2672.74603984738,2672.74603984738,133888.876338696,136,3,136,3,3
311,113673.834011589,111492.072303773,74652.6308320312,2181.76170781569,113,111,113,111,75
312,123974.954778717,3375.61552178397,3375.61552178397,120599.339256933,124,3,124,3,3
313,136561.622378543,100253.523562882,90206.8096275478,36308.0988156613,136,99,136,99,89
314,136561.622378543,103425.715674835,77300.4950510303,33135.906703708,136,102,136,102,76
315,149846.797457096,9554.40825189634,7372.64654408065,140292.389205199,150,10,150,10,8
316,136561.622378543,3141.29372650676,3141.29372650676,133420.328652037,136,3,136,3,3
317,139545.676689967,24733.8488626143,20632.5287661359,114811.827827353,139,25,139,25,21
318,113673.834011589,108851.400275948,78677.9850622243,4822.43373564124,113,108,113,108,79
319,113673.834011589,16698.4937080421,13086.936912467,96975.3403035467,113,17,113,17,13
320,136561.622378543,3169.03272322098,3169.03272322098,133392.589655322,136,3,136,3,3
321,139545.676689967,3053.75574369036,3053.75574369036,136491.920946277,139,3,139,3,3
322,148899.797890521,24755.0294782908,20480.3032447072,124144.768412231,149,25,149,25,20
323,113673.834011589,17698.3923899084,14816.1688589518,95975.4416216804,113,18,113,18,15
324,113673.834011589,89188.9419935167,67182.4690828233,24484.8920180722,113,88,113,88,65
325,113673.834011589,3156.38540295657,3156.38540295657,110517.448608632,113,3,113,3,3
326,116657.888323013,22482.9519887908,17369.561844378,94174.936334222,116,23,116,23,18
327,113673.834011589,20738.5547638065,17454.6400274364,92935.2792477823,113,21,113,21,18
328,113673.834011589,2841.59625590545,2841.59625590545,110832.237755683,113,3,113,3,3
329,123974.954778717,2742.63693465544,2742.63693465544,121232.317844062,124,3,124,3,3
330,136561.622378543,23850.2990833406,17167.6704338171,112711.323295203,136,24,136,24,17
331,149846.797457096,7666.09973869515,6561.08199645611,142180.697718401,150,8,150,8,7
332,139545.676689967,2836.09489471068,2836.09489471068,136709.581795257,139,3,139,3,3
333,136561.622378543,3371.93809190017,3371.93809190017,133189.684286643,136,3,136,3,3
334,136561.622378543,3205.7544484577,3205.7544484577,133355.867930086,136,3,136,3,3
335,113673.834011589,3077.1674931326,3077.1674931326,110596.666518456,113,3,113,3,3
336,113673.834011589,18067.1497085092,15006.4764653871,95606.6843030797,113,18,113,18,15
337,149846.797457096,110354.303371377,82524.5666347412,39492.4940857186,150,109,150,109,81
338,113673.834011589,3066.31299656119,3066.31299656119,110607.521015028,113,3,113,3,3
339,123974.954778717,90504.6485678226,73792.198718038,33470.3062108947,124,89,124,89,72
340,149846.797457096,2564.89388671244,2564.89388671244,147281.903570383,150,3,150,3,3
341,113673.834011589,2803.09567757619,2803.09567757619,110870.738334013,113,3,113,3,3
342,113673.834011589,88124.913776107,71287.2816074795,25548.9202354818,113,87,113,87,71
343,136561.622378543,3081.92316468577,3081.92316468577,133479.699213858,136,3,136,3,3
344,113673.834011589,88144.5856624326,70461.7556707339,25529.2483491563,113,87,113,87,70
345,149846.797457096,25997.3441584708,23969.7725164426,123849.453298625,150,26,150,26,24
346,113673.834011589,2849.92772233428,2849.92772233428,110823.906289255,113,3,113,3,3
347,139545.676689967,5804.46157598487,3662.95886094165,133741.215113982,139,6,139,6,4
348,113673.834011589,2862.55079859911,2862.55079859911,110811.28321299,113,3,113,3,3
349,136561.622378543,2686.00313902934,2686.00313902934,133875.619239514,136,3,136,3,3
350,139545.676689967,94031.9197679254,77209.0670547589,45513.7569220418,139,93,139,93,76
351,149846.797457096,114712.555308964,84659.2254779966,35134.2421481316,150,114,150,114,85
352,149846.797457096,3125.19457527798,3125.19457527798,146721.602881818,150,3,150,3,3
353,149846.797457096,3108.93879995604,3108.93879995604,146737.85865714,150,3,150,3,3
354,113673.834011589,103899.210253914,81185.0934873957,9774.62375767465,113,103,113,103,80
355,136561.622378543,23764.1632695277,17438.2697796852,112797.459109016,136,24,136,24,18
356,119656.718912744,7833.88738918592,6810.89101763383,111822.831523558,119,8,119,8,7
357,139545.676689967,24748.2981362073,19393.7167131113,114797.37855376,139,25,139,25,20
358,113673.834011589,2818.2524778591,2818.2524778591,110855.58153373,113,3,113,3,3
359,136561.622378543,24271.9935067568,19590.781875397,112289.628871786,136,24,136,24,19
360,149846.797457096,33603.9298300121,26507.665651965,116242.867627084,150,34,150,34,27
361,113673.834011589,3129.40733927807,3129.40733927807,110544.426672311,113,3,113,3,3
362,146862.743145672,2710.36220058955,2710.36220058955,144152.380945082,147,3,147,3,3
363,113673.834011589,2777.93916856311,2777.93916856311,110895.894843026,113,3,113,3,3
364,113673.834011589,108935.481263588,84543.4607043907,4738.35274800069,113,108,113,108,84
365,123974.954778717,103068.916953708,82550.2552966712,20906.0378250092,124,102,124,102,82
366,123974.954778717,3254.82298526542,3254.82298526542,120720.131793452,124,3,124,3,3
367,113673.834011589,103206.142647427,77221.5695740084,10467.6913641618,113,102,113,102,77
368,139545.676689967,2982.02526236528,2982.02526236528,136563.651427602,139,3,139,3,3
369,119656.718912744,3475.14541313554,3475.14541313554,116181.573499609,119,3,119,3,3
370,148798.179479074,2821.50833171397,2821.50833171397,145976.67114736,150,3,149,3,3
371,139545.676689967,25075.1313095401,18918.9366011344,114470.545380427,139,25,139,25,19
372,113673.834011589,107935.79306481,82181.545000743,5738.040946779,113,107,113,107,82
373,139545.676689967,25833.2563374525,21154.1521652536,113712.420352515,139,26,139,26,21
374,113673.834011589,3012.21097490971,3012.21097490971,110661.623036679,113,3,113,3,3
375,139545.676689967,3156.99162340739,3156.99162340739,136388.68506656,139,3,139,3,3
376,113673.834011589,2964.76148750959,2964.76148750959,110709.072524079,113,3,113,3,3
377,123974.954778717,3238.53220122793,3238.53220122793,120736.422577489,124,3,124,3,3
378,113673.834011589,95166.8929771236,73249.602742967,18506.9410344652,113,94,113,94,72
379,147681.143622957,2756.81545867171,2756.81545867171,144924.328164286,150,3,148,3,3
380,113673.834011589,3547.11383563196,3547.11383563196,110126.720175957,113,3,113,3,3
381,136561.622378543,3050.65144414221,3050.65144414221,133510.970934401,136,3,136,3,3
382,139545.676689967,110135.240435066,75778.0626594026,29410.4362549014,139,109,139,109,75
383,113673.834011589,3043.978335388,3043.978335388,110629.855676201,113,3,113,3,3
384,139545.676689967,3259.29965864877,3259.29965864877,136286.377031318,139,3,139,3,3
385,113673.834011589,113673.834011589,83267.3171885227,0,113,113,113,113,83
386,113673.834011589,9845.04074306247,8091.72211869073,103828.793268526,113,10,113,10,8
387,113673.834011589,107834.424629084,87335.6238847414,5839.40938250473,113,107,113,107,87
388,139545.676689967,2846.66263750104,2846.66263750104,136699.014052466,139,3,139,3,3
389,136561.622378543,3400.78415853353,3400.78415853353,133160.83822001,136,3,136,3,3
390,149846.797457096,97924.6301934166,77554.9497994562,51922.167263679,150,97,150,97,77
391,123974.954778717,2773.61744632264,2773.61744632264,121201.337332395,124,3,124,3,3
392,113673.834011589,2838.74805226438,2838.74805226438,110835.085959324,113,3,113,3,3
393,113673.834011589,86940.5925614442,67192.287026693,26733.2414501446,113,86,113,86,67
394,113673.834011589,3248.99257995562,3248.99257995562,110424.841431633,113,3,113,3,3
395,113673.834011589,109713.305894615,92194.1005464532,3960.52811697389,113,109,113,109,92
396,113673.834011589,2994.62820658399,2994.62820658399,110679.205805005,113,3,113,3,3
397,139545.676689967,2891.8077112796,2891.8077112796,136653.868978688,139,3,139,3,3
398,113673.834011589,2755.32748598693,2755.32748598693,110918.506525602,113,3,113,3,3
399,136561.622378543,24887.501952404,21581.4846445232,111674.120426139,136,25,136,25,22
400,139545.676689967,94818.1994873596,75856.3043948124,44727.4772026076,139,94,139,94,75
401,136561.622378543,3080.41526048761,3080.41526048761,133481.207118056,136,3,136,3,3
402,113673.834011589,3105.63351612649,3105.63351612649,110568.200495462,113,3,113,3,3
403,139545.676689967,2621.85951893091,2621.85951893091,136923.817171036,139,3,139,3,3
404,139545.676689967,3342.33971865548,3342.33971865548,136203.336971312,139,3,139,3,3
405,136561.622378543,18863.0863392833,15740.4749668043,117698.53603926,136,19,136,19,16
406,113673.834011589,94312.1419664259,76518.100906138,19361.6920451629,113,93,113,93,76
407,113673.834011589,3158.69555043127,3158.69555043127,110515.138461158,113,3,113,3,3
408,123974.954778717,3364.6700129789,3364.6700129789,120610.284765738,124,3,124,3,3
409,139545.676689967,3451.33823717656,3451.33823717656,136094.338452791,139,3,139,3,3
410,136561.622378543,2815.89774795026,2815.89774795026,133745.724630593,136,3,136,3,3
411,146862.743145672,95012.1787960586,70495.2115527263,51850.5643496132,147,94,147,94,70
412,123974.954778717,98393.4264191625,72396.9306559242,25581.5283595548,124,97,124,97,71
413,113673.834011589,105690.624776338,84325.5635792499,7983.20923525035,113,105,113,105,84
414,113673.834011589,96012.4073222432,77139.0978005747,17661.4266893457,113,95,113,95,77
415,139545.676689967,25744.532810581,18894.8209822974,113801.143879386,139,26,139,26,19
416,123974.954778717,2990.11248576264,2990.11248576264,120984.842292955,124,3,124,3,3
417,113673.834011589,3081.55150836652,3081.55150836652,110592.282503222,113,3,113,3,3
418,149846.797457096,3044.00580146671,3044.00580146671,146802.791655629,150,3,150,3,3
419,136561.622378543,25028.0264899559,18152.3140363408,111533.595888587,136,25,136,25,18
420,136561.622378543,103047.409006492,80827.2138047866,33514.2133720509,136,102,136,102,81
421,113673.834011589,2912.35532874734,2912.35532874734,110761.478682841,113,3,113,3,3
422,30190.0785443513,2908.35684806227,2908.35684806227,27281.721696289,31,3,31,3,3
423,139545.676689967,25216.7771636671,18780.0557967479,114328.8995263,139,25,139,25,19
424,113673.834011589,90149.1727715228,70756.3355707447,23524.661240066,113,89,113,89,70
425,139545.676689967,3361.66554477316,3361.66554477316,136184.011145194,139,3,139,3,3
426,113673.834011589,2814.68052818635,2814.68052818635,110859.153483402,113,3,113,3,3
427,139545.676689967,2802.59162514619,2802.59162514619,136743.085064821,139,3,139,3,3
428,146862.743145672,104269.778345574,82154.4927405563,42592.9648000981,147,103,147,103,81
429,136561.622378543,103884.441546385,80532.0028672222,32677.1808321579,136,103,136,103,80
430,149846.797457096,134824.859317057,106666.494530738,15021.9381400383,150,134,150,134,106
431,113673.834011589,3180.53752201419,3180.53752201419,110493.296489575,113,3,113,3,3
432,113673.834011589,2831.45972160524,2831.45972160524,110842.374289984,113,3,113,3,3
433,113673.834011589,3072.94860676161,3072.94860676161,110600.885404827,113,3,113,3,3
434,139545.676689967,126109.125870365,101403.366432944,13436.5508196024,139,125,139,125,101
435,149846.797457096,2937.90023679488,2937.90023679488,146908.897220301,150,3,150,3,3
436,113673.834011589,3291.08691507476,3291.08691507476,110382.747096514,113,3,113,3,3
437,139545.676689967,2776.90107496375,2776.90107496375,136768.775615003,139,3,139,3,3
438,123974.954778717,98636.2054249652,77492.7282399584,25338.7493537521,124,98,124,98,77
439,139545.676689967,3055.29997864015,3055.29997864015,136490.376711327,139,3,139,3,3
440,149846.797457096,20945.7401581324,17985.3036210401,128901.057298963,150,21,150,21,18
441,136561.622378543,24796.6694599777,21562.3285408472,111764.952918566,136,25,136,25,22
442,146862.743145672,8476.03318086744,6883.77691922831,138386.709964804,147,9,147,9,7
443,146862.743145672,3123.71274836394,3123.71274836394,143739.030397308,147,3,147,3,3
444,113673.834011589,3191.7479032268,3191.7479032268,110482.086108362,113,3,113,3,3
445,113673.834011589,94029.3725941407,74215.4250035765,19644.4614174481,113,93,113,93,74
446,113673.834011589,3235.96254219448,3235.96254219448,110437.871469394,113,3,113,3,3
447,113673.834011589,91910.7899845597,70943.2373079218,21763.0440270292,113,91,113,91,70
448,139545.676689967,2581.52894469158,2581.52894469158,136964.147745276,139,3,139,3,3
449,113673.834011589,94820.6177161798,69666.1059546881,18853.216295409,113,94,113,94,69
450,113673.834011589,3082.58943206069,3082.58943206069,110591.244579528,113,3,113,3,3
451,113673.834011589,15957.2232438416,14997.0578949746,97716.6107677473,113,16,113,16,15
452,33188.9091340829,3224.4614957008,3224.4614957008,29964.4476383821,34,3,34,3,3
453,113673.834011589,2996.65494055519,2996.65494055519,110677.179071034,113,3,113,3,3
454,36172.9634455068,2929.13200516642,2929.13200516642,33243.8314403404,37,3,37,3,3
455,148798.179479074,19963.5283221267,18068.260103834,128834.651156947,149,20,149,20,18
456,139545.676689967,96020.706203921,68688.9285958695,43524.9704860461,139,95,139,95,69
457,113673.834011589,97714.8037672894,79298.9526528096,15959.0302442995,113,97,113,97,80
458,136561.622378543,3245.73560620648,3245.73560620648,133315.886772337,136,3,136,3,3
459,113673.834011589,96221.7145378176,81443.9650097343,17452.1194737712,113,95,113,95,80
460,139545.676689967,2867.80597578034,2867.80597578034,136677.870714187,139,3,139,3,3
461,113673.834011589,13289.1124266056,12366.1736132773,100384.721584983,113,13,113,13,12
462,139545.676689967,2792.41608150306,2792.41608150306,136753.260608464,139,3,139,3,3
463,116657.888323013,21453.9449944964,18040.8065711605,95203.9433285163,116,22,116,22,18
464,113673.834011589,3053.6898197538,3053.6898197538,110620.144191835,113,3,113,3,3
465,123974.954778717,12670.8770855344,9863.54132411634,111304.077693183,124,13,124,13,10
466,136561.622378543,2935.61163452342,2935.61163452342,133626.01074402,136,3,136,3,3
467,113673.834011589,3047.31230771012,3047.31230771012,110626.521703879,113,3,113,3,3
468,149846.797457096,93995.0514946005,70210.5496677481,55851.7459624952,150,93,150,93,69
469,113673.834011589,92016.5304522746,74152.9312030656,21657.3035593142,113,91,113,91,74
470,139545.676689967,24583.3293007387,20799.0516813732,114962.347389228,139,25,139,25,21
471,113673.834011589,3145.1324864122,3145.1324864122,110528.701525177,113,3,113,3,3
472,117992.069877562,108790.899587288,80076.7709577789,9201.17029027361,118,108,118,108,80
473,136561.622378543,23810.7271802828,17236.2847059071,112750.89519826,136,24,136,24,17
474,146862.743145672,90006.9715557533,72420.2665513578,56855.7715899184,147,89,147,89,72
475,113673.834011589,86375.4463648872,74030.0817090647,27298.3876467016,113,85,113,85,73
476,149846.797457096,3294.83555034868,3294.83555034868,146551.961906747,150,3,150,3,3
477,113673.834011589,104748.217798464,81666.786674593,8925.61621312525,113,104,113,104,81
478,139545.676689967,3385.37342847983,3385.37342847983,136160.303261487,139,3,139,3,3
479,139545.676689967,25008.8805001473,19066.8146298887,114536.79618982,139,25,139,25,19
480,139545.676689967,25883.122253787,18236.5598075945,113662.55443618,139,26,139,26,18
481,36172.9634455068,2650.12711355246,2650.12711355246,33522.8363319544,37,3,37,3,3
482,146862.743145672,3361.9102906302,3361.9102906302,143500.832855042,147,3,147,3,3
483,113673.834011589,3318.6365265535,3318.6365265535,110355.197485035,113,3,113,3,3
484,136561.622378543,24511.8609616493,19458.9635137378,112049.761416894,136,25,136,25,20
485,123974.954778717,3255.89000927515,3255.89000927515,120719.064769442,124,3,124,3,3
486,113673.834011589,95067.3229875987,74611.3989980726,18606.5110239901,113,94,113,94,74
487,139545.676689967,108115.400169062,83145.5163780197,31430.2765209048,139,107,139,107,82
488,149846.797457096,92066.979867959,73391.7999159406,57779.8175891367,150,91,150,91,72
489,113673.834011589,89569.2643894025,72613.2828346471,24104.5696221863,113,88,113,88,71
490,139545.676689967,2795.14849577885,2795.14849577885,136750.528194188,139,3,139,3,3
491,146862.743145672,10718.4507764993,9763.97045997157,136144.292369173,147,11,147,11,10
492,136561.622378543,3044.87620302577,3044.87620302577,133516.746175518,136,3,136,3,3
493,119656.718912744,2861.78195526069,2861.78195526069,116794.936957484,119,3,119,3,3
494,113673.834011589,13246.9266732239,10172.5146883816,100426.907338365,113,13,113,13,10
495,136561.622378543,99376.8842274977,81506.0008797306,37184.7381510456,136,98,136,98,80
496,113673.834011589,2901.57584629976,2901.57584629976,110772.258165289,113,3,113,3,3
497,113673.834011589,2629.01723442725,2629.01723442725,111044.816777162,113,3,113,3,3
498,113673.834011589,3077.59797250229,3077.59797250229,110596.236039087,113,3,113,3,3
499,123974.954778717,114711.552680409,86381.2926530902,9263.40209830839,124,114,124,114,86
500,113673.834011589,110141.720841659,86602.0526646905,3532.1131699298,113,109,113,109,85
